silhouette,wssse,wssse_per_point,largest_cluster_size,smallest_cluster_size,largest_cluster_ratio,cluster_size_cv,normalized_cluster_entropy,singleton_clusters,small_clusters_lt_10,k,algorithm,iterations,runtime_seconds
0.019357628735963063,22051.30859375,1.4281010681788744,860,76,0.05569587461951946,0.49185699889675927,0.967299275524267,0,0,40,spherical,20,1.9104060999816284
0.020099706420635202,21868.5546875,1.4162654418431448,862,71,0.055825399909332295,0.528838624792257,0.9648295569268367,0,0,45,spherical,20,1.9253034999710508
0.021108161556318148,21724.669921875,1.4069470838595297,690,67,0.0446862249854284,0.4958098372489978,0.9685915997337269,0,0,50,spherical,20,2.1478462000377476
0.021376685125362883,21585.75,1.3979502622887119,605,63,0.039181400168382875,0.47411632304801954,0.972499027870955,0,0,55,spherical,20,2.1936949999653734
0.021372357957865424,21561.591796875,1.3963857131581503,592,61,0.03833948578459944,0.4578969015835874,0.9744161684726486,0,0,56,spherical,20,2.3245596999768168
0.021336728943851826,21549.34765625,1.3955927502266692,617,63,0.039958551907259894,0.46721394215524875,0.9733423713918492,0,0,57,spherical,20,2.391602599993348
0.021361185164497757,21496.09765625,1.3921441393854026,606,63,0.0392461628132893,0.4735541711957684,0.9730021205089866,0,0,58,spherical,20,2.261955099995248
0.021496815041888297,21476.49609375,1.390874690353604,592,61,0.03833948578459944,0.48062604611392223,0.9722588270933847,0,0,59,spherical,20,2.324871099961456
0.0224141647003675,21441.96875,1.388638608250761,587,57,0.038015672560067354,0.47498788290875643,0.973215426617438,0,0,60,spherical,20,2.2856093000154942
0.02228390578945916,21417.2421875,1.3870372506638171,591,57,0.038274723139693025,0.47303034841116687,0.973505818506367,0,0,61,spherical,20,2.354975599970203
0.022345329845350557,21389.7734375,1.3852583017615439,570,60,0.03691470759665825,0.47976339131730333,0.9723780836666119,0,0,62,spherical,20,2.3990097999922
0.02234811925460282,21386.109375,1.3850210073829414,596,61,0.03859853636422512,0.4949488854944833,0.970768800585876,0,0,63,spherical,20,2.4421779999975115
0.020200220597473142,21361.5234375,1.3834287570429376,593,61,0.03840424842950586,0.49167512964827853,0.9712936888454985,0,0,64,spherical,20,2.408307900012005
0.020895397519092578,21331.013671875,1.3814528639255876,548,58,0.03548992940871705,0.4769605634909654,0.9725219555054079,0,0,65,spherical,20,2.4880413999781013
0.019616434237244375,21228.984375,1.3748451768020207,538,55,0.03484230295965287,0.46979676556483974,0.9740746704129536,0,0,70,spherical,20,2.6368378999759443
0.018619941346202134,21147.78125,1.3695862476523541,462,46,0.029920341946765107,0.4612200514336846,0.9747707891717824,0,0,75,spherical,20,2.791454899997916
0.017993845521948073,21046.1328125,1.3630032259892495,446,45,0.028884139628262417,0.47760138426326015,0.9740424997934505,0,0,80,spherical,20,2.8758980000275187
0.01942372155170296,20924.21875,1.355107748850463,443,44,0.028689851693543163,0.47037151350264245,0.9753319982856838,0,0,85,spherical,20,3.0883236000081524
0.018255849927845565,20843.828125,1.349901439349783,365,42,0.02363836539084256,0.4441084338200508,0.9776002013522674,0,0,90,spherical,20,3.260594099992886
0.02024588590751764,20719.203125,1.3418303947283208,358,35,0.023185026876497636,0.46609592302383657,0.9757082611765816,0,0,95,spherical,20,3.4057561000226997
0.018530715360403127,20697.705078125,1.3404381243523735,357,35,0.02312026423159122,0.48267429803725503,0.9743821869959224,0,0,100,spherical,20,3.5637856000103056
0.02054354252031703,20611.509765625,1.3348558879363384,356,35,0.0230555015866848,0.5033429840083397,0.9729962357865395,0,0,105,spherical,20,3.6895262000034563
0.02121576898773057,20541.3125,1.330309727349265,351,32,0.02273168836215271,0.5214021557423634,0.9716209545957093,0,0,110,spherical,20,3.8481039999751374
0.02027931250466817,20470.947265625,1.32575268866168,347,31,0.02247263778252704,0.5229395460384304,0.971949639046138,0,0,115,spherical,20,3.9898237000452355
0.01737381252390985,20432.72265625,1.3232771618580403,343,21,0.022213587202901366,0.5369851984031017,0.9711598992508312,0,0,120,spherical,20,4.094424500013702
0.015478291636629721,20362.01953125,1.3186982404798913,342,20,0.02214882455799495,0.5314904353510699,0.9718864531990598,0,0,125,spherical,20,4.311962299980223
0.0164635252830444,20283.419921875,1.313607921888155,337,19,0.02182501133346286,0.5421364095007076,0.9710851634565996,0,0,130,spherical,20,4.439634100010153
0.018504683237490768,20232.03125,1.3102798555793018,339,27,0.021954536623275695,0.550346973953859,0.9709218760149886,0,0,135,spherical,20,4.633996699994896
0.0184206211897589,20206.328125,1.3086152532219415,336,22,0.02176024868855644,0.5653587465239175,0.9694784572643971,0,0,140,spherical,20,4.696612100000493
0.016759976504759983,20146.21484375,1.3047221581341881,341,25,0.02208406191308853,0.5830763811563761,0.9687292887329431,0,0,145,spherical,20,4.883213399967644
0.016174395667752445,20085.708984375,1.3008036386487274,340,20,0.02201929926818211,0.5782759121167298,0.9693207254432352,0,0,150,spherical,20,4.9849882000125945
0.014106028118610699,20030.548828125,1.297231321036526,337,19,0.02182501133346286,0.5803364457323036,0.9690261703200077,0,0,155,spherical,20,5.192225999955554
0.012420637769353874,20000.89453125,1.295310830338061,333,17,0.021565960753837186,0.5723540642571573,0.9699870669141054,0,0,160,spherical,20,5.23770619998686
0.013407764140234368,19971.1171875,1.2933823707985235,330,17,0.021371672819117934,0.5686718349075375,0.9708900528066627,0,0,165,spherical,20,5.552401799999643
0.014493743206823019,19906.513671875,1.2891984762563953,326,17,0.02111262223949226,0.5675170527369862,0.9713934765422657,0,0,170,spherical,20,5.7833627999643795
0.01331131050917916,19840.48828125,1.284922497328541,328,18,0.021242147529305096,0.5749638921617751,0.9711127247010707,0,0,175,spherical,20,5.810134199971799
0.012092281753213972,19814.09375,1.2832131176737258,275,15,0.017809727349264944,0.5690763256640865,0.9714231157301234,0,0,180,spherical,20,5.842809499998111
0.013343440685312118,19772.8359375,1.2805411526131727,285,14,0.018457353798329124,0.5609651329087154,0.9727866278606863,0,0,185,spherical,20,6.1111300000338815
0.012245101017889686,19711.83984375,1.276590884252963,281,13,0.01819830321870345,0.5684316216843418,0.9723630158922475,0,0,190,spherical,20,6.254606699978467
0.012492165889008451,19663.05859375,1.2734316814811217,270,17,0.017485914124732854,0.5707538692994067,0.9721027940328382,0,0,195,spherical,20,6.3813099000253715
0.009603859221084556,19628.89453125,1.2712191264328736,284,12,0.018392591153422705,0.5646163195941442,0.9725601398117816,0,0,200,spherical,20,6.4621600000537
